"dni";"apellido";"nombre"
1223213;"Lopez";"Jorge"
10476304;"Nocturne";"Jorge"
12219012;"Marco";"Agustin"
12345678;"Gomez";"Pedro"
12345679;"Toledo";"Gaston"
12735486;"Bordon";"Maria Mora"
18089032;"De Solin";"Ana Maria"
19232023;"Loiero";"Federico"
21345678;"Yo";"Soy"
23090870;"Tesorin";"Sebastian"
23456789;"Lopez";"Maria"
23579931;"Toledo";"Gaston"
24939125;"Totti";"Franchesco"
34567890;"Rodriguez";"Jose"
36806932;"Perez";"Juan"
37804899;"Rossendy";"Federico"
41545503;"Comunica";"Luisito"
42656604;"Luis";"Jorge"
42835393;"Garcete";"Franco"
42875393;"Garcete";"Franco"
45678901;"Martinez";"Ana"
56789012;"Fernandez";"Lucia"
67890123;"Garcia";"Carlos"
78901234;"Sanchez";"Sofia"
89012345;"Gonzalez";"Miguel"
90123456;"Diaz";"Laura"
90234567;"Pellegrini";"Carlos"
91234567;"Alvarez";"Florencia"
92312345;"Alvarez";"Ana"
92345678;"Romero";"Martin"
93456789;"Pereyra";"Luis"
94567890;"Benitez";"Julieta"
95678901;"Acosta";"Federico"
96789012;"Vera";"Agustina"
97890123;"Rojas";"Ricardo"
98753421;"Messi";"Lionel"
98901234;"Molina";"Cecilia"
99012345;"Suarez";"Alejandro"
123456789;"Toledo";"Gaston"
847212312;"Lopez";"Jorge"
1298389138;"Luis";"Jorge"
2137137721;"Luis";"Jorge"
